Datum,Warengruppe_Name,Umsatz_Actual,Umsatz_Predicted
2018-01-02,Brot,154.786374942725,105.49672
2018-01-02,Kuchen,278.690545437323,229.74124
2018-01-02,Croissant,150.502435605728,95.69424
2018-01-02,Brötchen,362.106622620237,246.548
2018-01-02,Konditorei,99.6130902579496,82.321396
2018-01-03,Konditorei,106.317961739392,86.16137
2018-01-03,Brot,80.1711341155724,105.33963
2018-01-03,Brötchen,296.950711829176,244.9159
2018-01-03,Kuchen,234.246543565331,223.65468
2018-01-03,Croissant,115.430895275144,96.21754
2018-01-04,Croissant,102.512654812038,91.11872
2018-01-04,Kuchen,231.043777731608,245.51524
2018-01-04,Brötchen,277.539447649125,243.28806
2018-01-04,Brot,136.591619491075,115.76932
2018-01-04,Konditorei,101.399181602323,87.24221
2018-01-05,Kuchen,191.050544157891,254.59758
2018-01-05,Brot,91.934017601084,104.816444
2018-01-05,Konditorei,104.363824844901,91.309906
2018-01-05,Croissant,109.275993823143,93.28264
2018-01-05,Brötchen,221.493928766554,266.60663
2018-01-06,Brötchen,306.612067500727,357.03693
2018-01-06,Kuchen,264.145810508481,266.83356
2018-01-06,Brot,73.8495235935427,97.5757
2018-01-06,Konditorei,90.7575736757768,96.12184
2018-01-06,Croissant,102.460375257105,105.446594
2018-01-07,Kuchen,316.353343557096,332.23798
2018-01-07,Brot,87.9206063192333,78.41716
2018-01-07,Croissant,144.442039442307,157.24843
2018-01-07,Konditorei,140.028867884019,164.38033
2018-01-07,Brötchen,424.80333027284,456.53296
2018-01-08,Kuchen,270.748463547217,229.92528
2018-01-08,Brötchen,218.416290860879,257.57297
2018-01-08,Brot,118.339722290326,109.99793
2018-01-08,Croissant,66.6929702875401,102.239
2018-01-08,Konditorei,115.803557985459,88.16613
2018-01-09,Brot,88.8949959430897,113.372475
2018-01-09,Croissant,82.6143785726371,93.07916
2018-01-09,Kuchen,170.647299973653,236.14766
2018-01-09,Brötchen,231.370506812209,259.44208
2018-01-09,Konditorei,66.6386512377995,87.89616
2018-01-10,Brot,92.1632213092253,115.60236
2018-01-10,Konditorei,55.6411164339088,82.53949
2018-01-10,Brötchen,213.493748618184,243.58391
2018-01-10,Croissant,72.3107709500424,99.20614
2018-01-10,Kuchen,192.264635692538,247.59349
2018-01-11,Brötchen,222.656660834864,254.05885
2018-01-11,Konditorei,59.0034955815228,88.32482
2018-01-11,Kuchen,170.354115774724,244.71825
2018-01-11,Brot,126.219974300486,113.25795
2018-01-11,Croissant,75.9628544056125,93.262
2018-01-12,Brötchen,213.653541569415,272.07187
2018-01-12,Brot,116.261966635988,109.071556
2018-01-12,Konditorei,92.456896212952,89.57768
2018-01-12,Kuchen,211.608032733142,263.66898
2018-01-12,Croissant,75.5325871625342,89.90653
2018-01-13,Croissant,102.912437094458,103.18781
2018-01-13,Brötchen,326.134796825133,352.15338
2018-01-13,Brot,109.622594764107,94.54348
2018-01-13,Konditorei,93.167767994205,91.14552
2018-01-13,Kuchen,256.585594385779,272.5981
2018-01-14,Brot,49.0005592318035,74.418106
2018-01-14,Croissant,151.968858897758,151.56897
2018-01-14,Konditorei,147.761602469622,161.65158
2018-01-14,Brötchen,396.378979718406,452.69064
2018-01-14,Kuchen,326.994080961684,324.18124
2018-01-15,Brot,108.800629287407,101.78483
2018-01-15,Croissant,85.9256443890805,86.57748
2018-01-15,Brötchen,242.921864094771,257.50003
2018-01-15,Kuchen,214.087728077301,219.31131
2018-01-15,Konditorei,61.329948854006,76.34784
2018-01-16,Brötchen,225.76404335699,250.52045
2018-01-16,Croissant,56.3093100492538,94.50667
2018-01-16,Konditorei,69.695099163498,79.00368
2018-01-16,Kuchen,177.197009401223,235.89885
2018-01-16,Brot,116.40783148052,107.60762
2018-01-17,Croissant,77.1881203768712,96.50128
2018-01-17,Brötchen,214.400310493609,249.388
2018-01-17,Kuchen,199.780437868024,242.5487
2018-01-17,Brot,99.9287661378494,116.714485
2018-01-17,Konditorei,74.4437882733403,81.89014
2018-01-18,Kuchen,221.520213856511,247.79547
2018-01-18,Brötchen,227.279978766986,268.72415
2018-01-18,Konditorei,72.0964859731471,71.24512
2018-01-18,Croissant,72.2532702611568,88.8379
2018-01-18,Brot,111.788522418724,110.467
2018-01-19,Brot,121.028250919463,112.99107
2018-01-19,Brötchen,233.268218984193,276.1318
2018-01-19,Konditorei,67.6096124702958,89.87045
2018-01-19,Kuchen,227.629762665163,267.07108
2018-01-19,Croissant,79.4912684505094,88.81299
2018-01-20,Brot,115.690881472167,95.86893
2018-01-20,Croissant,86.0376499500436,100.54189
2018-01-20,Konditorei,98.9309178851427,89.07961
2018-01-20,Kuchen,295.611586876073,270.01572
2018-01-20,Brötchen,295.006942427965,346.77628
2018-01-21,Brötchen,398.585448365232,402.99097
2018-01-21,Brot,86.9824385331888,66.7784
2018-01-21,Konditorei,171.52657521436,118.16082
2018-01-21,Croissant,187.190402965026,123.48171
2018-01-21,Kuchen,288.064172457206,281.7574
2018-01-22,Konditorei,72.9964101881541,73.76465
2018-01-22,Brot,137.932331634568,109.64031
2018-01-22,Kuchen,205.21919174015,241.66692
2018-01-22,Brötchen,194.083018345383,256.9097
2018-01-22,Croissant,106.618252948229,98.4025
2018-01-23,Kuchen,192.567272871935,237.86061
2018-01-23,Brötchen,208.443667129935,246.78012
2018-01-23,Konditorei,95.8855786531597,78.108505
2018-01-23,Brot,101.743983330679,106.86988
2018-01-23,Croissant,81.7299549683164,99.3004
2018-01-24,Kuchen,191.599397751055,200.65727
2018-01-24,Konditorei,62.9949858594412,78.00122
2018-01-24,Brot,115.464753338403,96.81558
2018-01-24,Brötchen,203.385782144794,254.23283
2018-01-24,Croissant,98.3309422420537,94.74479
2018-01-25,Konditorei,76.0722903455264,86.64087
2018-01-25,Brot,103.267103773044,105.30668
2018-01-25,Kuchen,189.908855738294,228.5012
2018-01-25,Croissant,81.1911029399639,90.321045
2018-01-25,Brötchen,232.391630766844,245.46925
2018-01-26,Konditorei,71.1908344949541,81.30582
2018-01-26,Kuchen,241.003825744459,245.37604
2018-01-26,Croissant,79.48711893513,91.63368
2018-01-26,Brot,98.0556839467947,111.11808
2018-01-26,Brötchen,274.633939189323,251.74284
2018-01-27,Croissant,104.368162476671,103.84857
2018-01-27,Kuchen,238.508599445852,258.8262
2018-01-27,Brot,130.945038639959,96.61055
2018-01-27,Konditorei,118.531330062167,101.72949
2018-01-27,Brötchen,245.309038638068,354.91583
2018-01-28,Konditorei,186.614734681636,173.77185
2018-01-28,Croissant,179.257190765101,153.10449
2018-01-28,Brötchen,386.418720172624,479.94116
2018-01-28,Brot,83.0180376295478,78.55739
2018-01-28,Kuchen,343.016602652484,299.54672
2018-01-29,Kuchen,193.549213544791,208.60806
2018-01-29,Brötchen,194.790295410509,267.04544
2018-01-29,Brot,109.744299217296,94.57533
2018-01-29,Konditorei,53.8875937065372,88.78488
2018-01-29,Croissant,82.9125750766826,74.15863
2018-01-30,Konditorei,83.2550647415232,94.864235
2018-01-30,Kuchen,209.702544523933,222.11815
2018-01-30,Brötchen,238.543843794119,258.42072
2018-01-30,Croissant,99.0350024655034,86.97521
2018-01-30,Brot,117.052646589407,103.81645
2018-01-31,Konditorei,56.4391103574792,79.64015
2018-01-31,Brot,105.812423397334,104.14526
2018-01-31,Kuchen,215.663462355236,220.74124
2018-01-31,Brötchen,208.506252620249,252.17584
2018-01-31,Croissant,79.2163042576594,93.56656
2018-02-01,Brot,96.7664796057527,119.85996
2018-02-01,Konditorei,75.058564397273,90.681755
2018-02-01,Kuchen,229.803294936102,255.6353
2018-02-01,Brötchen,226.66154114477,273.86072
2018-02-01,Croissant,92.8478148910384,100.42846
2018-02-02,Brötchen,232.958252736332,280.8634
2018-02-02,Konditorei,102.495517469135,89.54374
2018-02-02,Kuchen,228.591244327193,264.10977
2018-02-02,Croissant,103.70762060485,95.88534
2018-02-02,Brot,95.67376206111348,119.16778
2018-02-03,Konditorei,88.9079876540388,98.23721
2018-02-03,Brot,105.609185632305,100.95647
2018-02-03,Brötchen,272.959507008903,376.2712
2018-02-03,Croissant,114.506750856677,117.94281
2018-02-03,Kuchen,277.395112937839,290.07724
2018-02-04,Brötchen,379.119369610782,506.653
2018-02-04,Kuchen,328.403879136331,328.82828
2018-02-04,Konditorei,100.246292103139,161.58862
2018-02-04,Brot,53.0138004326992,75.14836
2018-02-04,Croissant,148.452873371219,163.74283
2018-02-05,Brötchen,218.639747671784,278.77545
2018-02-05,Brot,141.343449024634,117.00336
2018-02-05,Kuchen,235.745691044597,239.33081
2018-02-05,Croissant,112.122544509562,104.2927
2018-02-05,Konditorei,99.9899199000874,71.40303
2018-02-06,Brötchen,222.355875893781,273.21347
2018-02-06,Konditorei,108.184958277869,86.28774
2018-02-06,Kuchen,298.01563750602,256.6166
2018-02-06,Brot,119.719757906946,115.05968
2018-02-06,Croissant,81.2263029149462,117.88818
2018-02-07,Brötchen,195.513731095511,263.31097
2018-02-07,Konditorei,79.4011405411019,87.94986
2018-02-07,Kuchen,243.449268125649,263.643
2018-02-07,Brot,101.419539257411,117.635124
2018-02-07,Croissant,108.269493600282,107.18626
2018-02-08,Brötchen,224.256605995286,277.17172
2018-02-08,Kuchen,362.43049278636,268.40094
2018-02-08,Konditorei,59.6553309472624,93.58219
2018-02-08,Brot,158.153466871707,127.3582
2018-02-08,Croissant,110.141051764801,98.83163
2018-02-09,Kuchen,286.323938385119,285.00952
2018-02-09,Brot,136.987868117875,124.46125
2018-02-09,Brötchen,233.517644291772,302.30588
2018-02-09,Konditorei,97.5601431448597,91.8311
2018-02-09,Croissant,101.251865575012,102.63806
2018-02-10,Brot,162.657002276986,106.0737
2018-02-10,Brötchen,309.580554540049,378.84348
2018-02-10,Kuchen,366.553491234417,295.11298
2018-02-10,Konditorei,104.057349405705,101.033005
2018-02-10,Croissant,130.957351030206,134.79219
2018-02-11,Brot,50.4265035269595,70.68181
2018-02-11,Croissant,154.482016342371,147.6233
2018-02-11,Konditorei,103.819891514456,165.1972
2018-02-11,Brötchen,400.799606908102,480.57816
2018-02-11,Kuchen,313.299044044869,318.61713
2018-02-12,Konditorei,84.7804811697854,86.44361
2018-02-12,Croissant,82.1518936627926,93.46821
2018-02-12,Brot,116.368403565942,107.024796
2018-02-12,Brötchen,236.63099012853,285.8728
2018-02-12,Kuchen,229.223490027313,231.37645
2018-02-13,Konditorei,93.8237303340429,94.90596
2018-02-13,Croissant,111.74731105753,115.235176
2018-02-13,Brötchen,221.417070547716,273.70523
2018-02-13,Kuchen,263.057172107793,256.15723
2018-02-13,Brot,130.234212553533,114.74549
2018-02-14,Brot,84.2120188970009,126.18676
2018-02-14,Konditorei,107.610191946433,99.61318
2018-02-14,Kuchen,321.82458011699,267.66476
2018-02-14,Brötchen,236.207365383159,270.97885
2018-02-14,Croissant,106.396868857362,106.65542
2018-02-15,Croissant,104.357564465154,95.824615
2018-02-15,Brötchen,194.914170317496,274.0055
2018-02-15,Konditorei,67.9661089598606,85.79241
2018-02-15,Kuchen,209.675823535376,266.33377
2018-02-15,Brot,97.2457937573187,119.53367
2018-02-16,Konditorei,76.6521473610704,101.11902
2018-02-16,Brötchen,199.111471039176,302.6962
2018-02-16,Kuchen,367.998558366511,273.04993
2018-02-16,Brot,163.353586518488,124.70377
2018-02-16,Croissant,102.772794635868,105.7997
2018-02-17,Brot,148.514760113872,107.08428
2018-02-17,Croissant,115.932073516846,108.17178
2018-02-17,Brötchen,305.791499066061,361.4763
2018-02-17,Konditorei,107.126311727187,91.13473
2018-02-17,Kuchen,255.288264842689,270.59772
2018-02-18,Brot,43.1372026328517,78.12862
2018-02-18,Kuchen,425.191342965134,314.82034
2018-02-18,Konditorei,138.769690509263,156.77362
2018-02-18,Croissant,164.32793564738,146.31255
2018-02-18,Brötchen,383.210370812999,470.92416
2018-02-19,Konditorei,94.9554744734998,84.68122
2018-02-19,Kuchen,304.597844032955,249.6372
2018-02-19,Croissant,93.9649515287712,113.87352
2018-02-19,Brot,121.942230728321,120.09548
2018-02-19,Brötchen,229.725366172571,288.79163
2018-02-20,Brötchen,211.28547578127,285.37146
2018-02-20,Croissant,120.468678363742,103.66268
2018-02-20,Konditorei,97.9060256716053,98.1303
2018-02-20,Brot,89.5867418102959,118.419785
2018-02-20,Kuchen,178.062448908214,253.40604
2018-02-21,Kuchen,193.221411885626,259.66754
2018-02-21,Croissant,101.209732738436,107.13459
2018-02-21,Konditorei,55.5026714053454,86.67201
2018-02-21,Brot,116.006081856932,123.1335
2018-02-21,Brötchen,228.861055318971,272.3083
2018-02-22,Konditorei,65.9773693766395,87.49833
2018-02-22,Kuchen,193.023042021481,265.74512
2018-02-22,Brot,124.909775681547,120.5471
2018-02-22,Croissant,75.8400483968089,97.61882
2018-02-22,Brötchen,258.022863521095,263.7002
2018-02-23,Brot,91.3084600530353,128.33206
2018-02-23,Brötchen,239.298560995411,322.71115
2018-02-23,Croissant,100.964773001419,111.66453
2018-02-23,Kuchen,231.223708996684,300.8938
2018-02-23,Konditorei,89.8807140649128,91.01069
2018-02-24,Croissant,129.618921959432,136.88145
2018-02-24,Konditorei,83.4673946588364,120.43707
2018-02-24,Kuchen,271.400923554803,301.6059
2018-02-24,Brot,131.85933719787,103.01732
2018-02-24,Brötchen,301.846824531828,412.17654
2018-02-25,Croissant,174.509606028217,158.12103
2018-02-25,Konditorei,101.878885897188,153.77985
2018-02-25,Brötchen,390.819528207244,491.71564
2018-02-25,Kuchen,249.543387611877,333.76163
2018-02-25,Brot,60.2910060331361,64.58617
2018-02-26,Brot,86.3075633753733,112.56992
2018-02-26,Kuchen,211.624988296545,229.09735
2018-02-26,Croissant,62.7194880720277,92.436104
2018-02-26,Konditorei,64.9506430795257,80.215454
2018-02-26,Brötchen,228.550422356372,297.24908
2018-02-27,Croissant,80.0520282741354,101.07444
2018-02-27,Brötchen,219.872037080239,288.45712
2018-02-27,Brot,66.9903015912322,116.67948
2018-02-27,Kuchen,177.990111725936,243.22299
2018-02-27,Konditorei,81.5433307466433,69.157364
2018-02-28,Konditorei,98.3905462011422,58.879593
2018-02-28,Brot,98.7664662416456,119.68339
2018-02-28,Croissant,87.4021453051197,92.371284
2018-02-28,Brötchen,214.975245263105,292.55838
2018-02-28,Kuchen,229.431198331546,265.5166
2018-03-01,Konditorei,55.4335274645784,54.711365
2018-03-01,Croissant,97.7527293828083,93.436386
2018-03-01,Brötchen,202.35366431969,316.68948
2018-03-01,Brot,121.672068570646,124.4369
2018-03-01,Kuchen,249.942030668498,278.95752
2018-03-02,Kuchen,235.813107885023,295.39264
2018-03-02,Croissant,105.959362504739,109.33664
2018-03-02,Brötchen,216.142251827797,339.28442
2018-03-02,Konditorei,84.8214422806651,61.006454
2018-03-02,Brot,101.712081140049,112.83581
2018-03-03,Kuchen,263.877067275459,358.4344
2018-03-03,Brot,98.2415892822967,112.253174
2018-03-03,Croissant,117.066174787235,161.20692
2018-03-03,Konditorei,117.391966771156,118.043915
2018-03-03,Brötchen,297.521583609939,446.2187
2018-03-04,Konditorei,96.6996987260264,147.14522
2018-03-04,Brot,71.4481254842192,77.20886
2018-03-04,Brötchen,355.48499377795,497.8519
2018-03-04,Croissant,152.846041550908,165.1632
2018-03-04,Kuchen,286.911673800713,345.2498
2018-03-05,Brötchen,236.272835967155,309.47525
2018-03-05,Konditorei,90.3080530152799,83.969345
2018-03-05,Brot,119.676827681314,128.5335
2018-03-05,Croissant,89.9828037804588,118.65
2018-03-05,Kuchen,205.928040152599,253.13834
2018-03-06,Brot,105.33896274036,121.94169
2018-03-06,Croissant,109.14348273407,121.271675
2018-03-06,Kuchen,213.611506320038,264.4269
2018-03-06,Konditorei,98.1464438577047,91.4839
2018-03-06,Brötchen,254.035800587078,305.62427
2018-03-07,Croissant,58.9899135287265,115.4001
2018-03-07,Brötchen,212.156610525053,289.74203
2018-03-07,Brot,96.383968298997,124.33427
2018-03-07,Konditorei,71.6283051882786,77.79649
2018-03-07,Kuchen,182.067633556186,266.65024
2018-03-08,Brot,130.937668895181,131.07199
2018-03-08,Croissant,83.2089936207836,105.65889
2018-03-08,Kuchen,189.012172780521,266.98813
2018-03-08,Brötchen,225.160259530521,285.197
2018-03-08,Konditorei,82.9678986697282,88.30583
2018-03-09,Croissant,97.9229466419983,109.27026
2018-03-09,Brot,106.190382211722,125.12166
2018-03-09,Kuchen,195.502333176715,277.23492
2018-03-09,Konditorei,95.0395542961277,86.61046
2018-03-09,Brötchen,258.288162074788,320.5812
2018-03-10,Brot,151.523763464872,108.53278
2018-03-10,Kuchen,201.714896103318,295.47833
2018-03-10,Croissant,147.422385237539,130.6847
2018-03-10,Konditorei,94.0024445855689,99.40045
2018-03-10,Brötchen,344.875427188929,397.4838
2018-03-11,Croissant,152.278241164361,154.19624
2018-03-11,Kuchen,267.915218839859,295.54077
2018-03-11,Konditorei,172.938112248343,123.5561
2018-03-11,Brot,44.5141733478635,81.09769
2018-03-11,Brötchen,468.830707314005,480.99808
2018-03-12,Brötchen,266.400120884102,312.38452
2018-03-12,Croissant,110.915535990158,121.486336
2018-03-12,Konditorei,83.6944634003471,77.95462
2018-03-12,Kuchen,220.597782801046,253.48924
2018-03-12,Brot,138.141700035259,126.789444
2018-03-13,Croissant,102.435536654286,111.345276
2018-03-13,Brot,126.305395778367,120.42185
2018-03-13,Kuchen,197.988523154526,240.98608
2018-03-13,Brötchen,239.515590571395,295.8526
2018-03-13,Konditorei,76.7539817727839,76.29381
2018-03-14,Konditorei,89.713393980961,80.90155
2018-03-14,Brot,142.741299070527,123.119896
2018-03-14,Kuchen,255.003439771565,257.03494
2018-03-14,Brötchen,257.454373510423,282.85355
2018-03-14,Croissant,105.0879511471,117.62649
2018-03-15,Brötchen,264.63793243552,315.66864
2018-03-15,Croissant,118.743106582071,99.1603
2018-03-15,Kuchen,221.984891447054,263.4925
2018-03-15,Konditorei,98.7191984946759,64.39331
2018-03-15,Brot,224.024543942887,135.1872
2018-03-16,Brötchen,272.52774706512,371.6537
2018-03-16,Croissant,110.064680058323,113.160774
2018-03-16,Kuchen,242.7509816604,257.22833
2018-03-16,Konditorei,76.6902811720118,49.140823
2018-03-16,Brot,169.617856126588,110.75412
2018-03-17,Brot,192.571863723155,98.03916
2018-03-17,Brötchen,352.921012446784,452.71475
2018-03-17,Konditorei,64.1508597754103,62.6772
2018-03-17,Kuchen,203.14351149049,295.01196
2018-03-17,Croissant,171.650294233054,140.37238
2018-03-18,Konditorei,209.019623528428,152.36372
2018-03-18,Brötchen,395.068317377811,532.6163
2018-03-18,Kuchen,262.350248482655,366.35037
2018-03-18,Brot,140.587952269619,69.332886
2018-03-18,Croissant,218.278423946226,190.7786
2018-03-19,Croissant,111.562496126809,123.44633
2018-03-19,Brötchen,249.139377250402,317.37506
2018-03-19,Konditorei,96.1022154960397,83.9453
2018-03-19,Brot,168.789051955079,125.61356
2018-03-19,Kuchen,215.890548537278,261.18832
2018-03-20,Kuchen,226.916512446396,266.2222
2018-03-20,Brot,135.231062535176,133.3167
2018-03-20,Konditorei,100.405435136907,88.38221
2018-03-20,Croissant,135.147672004628,110.17574
2018-03-20,Brötchen,243.391831960934,325.9921
2018-03-21,Kuchen,242.602189044112,245.00682
2018-03-21,Brot,120.262742064374,125.41188
2018-03-21,Croissant,120.866245259918,114.550934
2018-03-21,Konditorei,83.9100040755261,79.425995
2018-03-21,Brötchen,264.897919889193,290.80652
2018-03-22,Brötchen,286.146708215532,292.38925
2018-03-22,Croissant,81.2345737319614,106.85557
2018-03-22,Brot,140.605808619442,123.7917
2018-03-22,Konditorei,86.4838236394023,84.46771
2018-03-22,Kuchen,215.868776994947,254.78297
2018-03-23,Brot,135.226761513192,123.06572
2018-03-23,Konditorei,69.788941651605,84.57272
2018-03-23,Kuchen,230.196960739213,263.63535
2018-03-23,Brötchen,251.990645856418,291.21198
2018-03-23,Croissant,98.8346334805017,106.69233
2018-03-24,Kuchen,201.490019493749,276.8003
2018-03-24,Konditorei,84.0343116968659,85.55785
2018-03-24,Brötchen,361.417262752534,382.5039
2018-03-24,Croissant,154.110947275411,123.38643
2018-03-24,Brot,175.533882075808,108.574265
2018-03-25,Brötchen,465.691877805272,471.22955
2018-03-25,Brot,72.1396206051801,76.97751
2018-03-25,Croissant,208.866499162987,142.4803
2018-03-25,Konditorei,85.7336191118162,122.97958
2018-03-25,Kuchen,231.915629885485,304.20526
2018-03-26,Brötchen,248.389926934171,308.12415
2018-03-26,Croissant,113.584723945565,116.43655
2018-03-26,Kuchen,242.926355752525,248.94994
2018-03-26,Konditorei,92.1446653918573,81.33295
2018-03-26,Brot,148.365363810161,126.21577
2018-03-27,Kuchen,282.924196587538,249.34518
2018-03-27,Konditorei,112.154795801317,80.4915
2018-03-27,Croissant,134.758232554012,114.572365
2018-03-27,Brot,156.722306258184,121.01939
2018-03-27,Brötchen,319.986633093005,296.3519
2018-03-28,Brötchen,320.429111502574,292.45023
2018-03-28,Kuchen,283.799868237831,248.80658
2018-03-28,Croissant,142.200717815043,114.074814
2018-03-28,Konditorei,95.4414203350383,77.0025
2018-03-28,Brot,136.183415192499,125.86421
2018-03-29,Kuchen,330.612859203759,270.89203
2018-03-29,Brötchen,405.947276337579,279.12335
2018-03-29,Konditorei,80.8223522620618,83.591095
2018-03-29,Brot,369.627890205243,126.167984
2018-03-29,Croissant,266.201304515727,101.6162
2018-03-31,Kuchen,270.269527122251,300.4314
2018-03-31,Konditorei,85.3647858513557,104.74725
2018-03-31,Croissant,320.93474056584,146.95868
2018-03-31,Brot,416.788764354814,106.95679
2018-03-31,Brötchen,558.629402301118,427.37653
2018-04-01,Brötchen,565.619466834902,509.15256
2018-04-01,Kuchen,263.582763455614,341.57635
2018-04-01,Brot,68.2964647517978,76.68143
2018-04-01,Croissant,197.338187512788,171.21019
2018-04-01,Konditorei,97.0547486434187,141.11397
2018-04-02,Brötchen,478.260628613686,336.59097
2018-04-02,Kuchen,270.977679806865,257.65784
2018-04-02,Croissant,177.680679602538,127.611786
2018-04-02,Brot,43.200364814703,138.14276
2018-04-02,Konditorei,100.34599611598,83.7939
2018-04-03,Croissant,134.195889670285,122.3723
2018-04-03,Brot,135.724585456051,122.22941
2018-04-03,Konditorei,56.2206582497111,76.4039
2018-04-03,Kuchen,236.545418753633,251.7531
2018-04-03,Brötchen,312.042414825353,344.0674
2018-04-04,Konditorei,71.3942240197333,66.05913
2018-04-04,Kuchen,215.959999638322,246.91891
2018-04-04,Brot,115.932994804965,121.37078
2018-04-04,Brötchen,318.450089970881,319.6208
2018-04-04,Croissant,149.720896578779,119.63558
2018-04-05,Konditorei,116.061737135078,69.761566
2018-04-05,Brot,97.8634527844016,137.92062
2018-04-05,Brötchen,315.005855981421,342.2629
2018-04-05,Kuchen,217.819515040088,276.0621
2018-04-05,Croissant,130.1869039827,130.70721
2018-04-06,Brötchen,312.39812192018,360.6178
2018-04-06,Brot,118.206081571449,148.74297
2018-04-06,Konditorei,76.3658031199746,75.949524
2018-04-06,Kuchen,248.785256269089,306.73355
2018-04-06,Croissant,89.1787904729072,141.13254
2018-04-07,Konditorei,67.2360702223367,83.194824
2018-04-07,Brötchen,383.944589381035,463.05682
2018-04-07,Brot,145.347521013483,122.94236
2018-04-07,Kuchen,222.520615126852,325.30356
2018-04-07,Croissant,159.814274148038,178.27972
2018-04-08,Croissant,168.643369475226,177.05247
2018-04-08,Brötchen,415.820715662082,484.93417
2018-04-08,Brot,70.9108032083961,67.00687
2018-04-08,Konditorei,104.245605098994,92.33796
2018-04-08,Kuchen,267.882276884597,288.8335
2018-04-09,Brötchen,249.686623696506,355.32047
2018-04-09,Brot,100.975591763884,137.76392
2018-04-09,Kuchen,153.657833070877,243.06084
2018-04-09,Croissant,125.791596759514,118.43416
2018-04-09,Konditorei,78.1382370856774,75.650314
2018-04-10,Brötchen,260.819089537144,337.26096
2018-04-10,Croissant,84.0497181533496,119.611725
2018-04-10,Konditorei,73.1091348853163,58.802032
2018-04-10,Brot,116.487322952139,135.37024
2018-04-10,Kuchen,203.766868959048,246.5267
2018-04-11,Konditorei,82.3162867708556,61.309174
2018-04-11,Brot,82.0268234172204,145.16333
2018-04-11,Kuchen,171.056870421619,259.11896
2018-04-11,Brötchen,265.209949346623,336.6417
2018-04-11,Croissant,68.0245101155979,120.50801
2018-04-12,Croissant,116.462621342462,134.50957
2018-04-12,Brot,136.188054778093,131.59622
2018-04-12,Konditorei,73.6791972698499,72.020294
2018-04-12,Brötchen,264.416254452541,331.30475
2018-04-12,Kuchen,223.249442642863,277.65042
2018-04-13,Croissant,116.896382935008,131.39291
2018-04-13,Kuchen,198.043150591306,280.7928
2018-04-13,Brötchen,294.37042763429,347.95837
2018-04-13,Konditorei,80.1637568854653,81.74379
2018-04-13,Brot,91.9470794074567,131.29062
2018-04-14,Brot,166.908303338313,115.047935
2018-04-14,Croissant,161.090096394738,139.85748
2018-04-14,Konditorei,102.451367723374,91.2688
2018-04-14,Brötchen,394.455565705861,415.83292
2018-04-14,Kuchen,263.225763727737,288.81024
2018-04-15,Croissant,186.885741611071,152.73505
2018-04-15,Konditorei,82.5239002813353,116.89464
2018-04-15,Kuchen,235.556437070098,299.51532
2018-04-15,Brötchen,378.03239167251,487.11166
2018-04-15,Brot,94.7804910054962,69.28807
2018-04-16,Croissant,105.949717840042,127.13087
2018-04-16,Brötchen,251.86150880934,344.4511
2018-04-16,Konditorei,78.0809616386278,75.57123
2018-04-16,Kuchen,213.050037060665,246.70049
2018-04-16,Brot,120.530309652016,138.24214
2018-04-17,Konditorei,81.6569740976316,78.28482
2018-04-17,Kuchen,202.378883868381,248.66959
2018-04-17,Brot,101.387635071749,118.211296
2018-04-17,Croissant,86.2289874951019,125.281204
2018-04-17,Brötchen,252.852741125448,339.05045
2018-04-18,Konditorei,50.2291843439468,55.177338
2018-04-18,Brötchen,232.140071311389,320.86856
2018-04-18,Brot,93.6448450690126,111.84624
2018-04-18,Kuchen,200.090727495338,219.00394
2018-04-18,Croissant,107.558608889038,118.845314
2018-04-19,Kuchen,140.220852536364,213.98207
2018-04-19,Croissant,103.383705990961,99.52177
2018-04-19,Brot,109.1997780181,88.7901
2018-04-19,Konditorei,81.3062483274968,35.575623
2018-04-19,Brötchen,257.136685047883,285.45514
2018-04-20,Croissant,106.920285015064,110.51756
2018-04-20,Brot,89.8024722034331,104.29921
2018-04-20,Brötchen,284.556075116244,377.22766
2018-04-20,Kuchen,182.180586581755,212.98203
2018-04-20,Konditorei,57.9976096157903,45.123993
2018-04-21,Brötchen,408.921130435705,464.71213
2018-04-21,Brot,144.90805943254,121.87119
2018-04-21,Kuchen,298.808866402928,306.99884
2018-04-21,Croissant,176.417147453327,174.1414
2018-04-21,Konditorei,86.0834321468145,80.46452
2018-04-22,Brötchen,415.886839438665,543.0735
2018-04-22,Croissant,199.765079950102,202.14528
2018-04-22,Konditorei,99.4218470990722,137.37666
2018-04-22,Kuchen,245.414177438254,345.14633
2018-04-22,Brot,68.3301534203764,98.04681
2018-04-23,Brot,89.8268678476001,111.24982
2018-04-23,Konditorei,77.4251237644108,76.94873
2018-04-23,Brötchen,242.796752484443,372.50723
2018-04-23,Kuchen,177.841349200267,239.28061
2018-04-23,Croissant,101.819986447604,135.34059
2018-04-24,Kuchen,175.701807663398,258.37863
2018-04-24,Croissant,85.091875213209,135.80138
2018-04-24,Brot,97.0271023646392,115.80908
2018-04-24,Brötchen,227.77136388796,347.39127
2018-04-24,Konditorei,61.4083901285691,74.361694
2018-04-25,Kuchen,234.758451361668,254.07784
2018-04-25,Croissant,93.3246428158012,121.67662
2018-04-25,Konditorei,96.4352584158038,76.565094
2018-04-25,Brötchen,226.475975087735,320.66196
2018-04-25,Brot,68.0325664897455,127.63051
2018-04-26,Kuchen,240.164133625422,274.76157
2018-04-26,Konditorei,80.7793766515759,72.48903
2018-04-26,Croissant,122.068213454324,136.73622
2018-04-26,Brot,132.024346180966,130.78488
2018-04-26,Brötchen,250.827444514035,335.81885
2018-04-27,Croissant,112.291104909384,125.09919
2018-04-27,Brot,64.0736168057245,127.39728
2018-04-27,Konditorei,55.0771828740384,69.57602
2018-04-27,Brötchen,274.430260100151,334.2493
2018-04-27,Kuchen,217.325667179962,250.77965
2018-04-28,Kuchen,245.17884644276,268.92435
2018-04-28,Brötchen,380.254223726818,427.78027
2018-04-28,Brot,145.377113487886,110.45015
2018-04-28,Konditorei,81.8710121370348,77.76193
2018-04-28,Croissant,137.327350130029,142.3479
2018-04-29,Brötchen,426.447905063896,501.67194
2018-04-29,Konditorei,117.881439779767,124.317955
2018-04-29,Croissant,179.139454299962,159.97603
2018-04-29,Brot,112.634849007942,75.79054
2018-04-29,Kuchen,404.964539261423,311.98203
2018-04-30,Brot,152.280472407717,132.74661
2018-04-30,Konditorei,79.2518033997529,81.548935
2018-04-30,Kuchen,349.222530501407,251.20105
2018-04-30,Brötchen,426.918397900034,356.4019
2018-04-30,Croissant,127.919448209593,124.1643
2018-05-02,Konditorei,75.4233707731506,64.17828
2018-05-02,Brot,114.081337561043,120.936584
2018-05-02,Brötchen,282.298347814055,345.46646
2018-05-02,Kuchen,206.162037259434,261.24136
2018-05-02,Croissant,133.16692373125,136.64188
2018-05-03,Brot,123.975160122456,132.32455
2018-05-03,Croissant,118.845410091562,142.95
2018-05-03,Konditorei,62.2496029445585,76.53392
2018-05-03,Kuchen,211.877965418872,281.14618
2018-05-03,Brötchen,286.817443390217,356.24094
2018-05-04,Croissant,114.107429476625,157.24213
2018-05-04,Kuchen,248.601470830409,322.06055
2018-05-04,Brot,98.2938513417318,153.5999
2018-05-04,Brötchen,296.771076281258,403.1555
2018-05-04,Konditorei,92.6837079237316,72.40309
2018-05-05,Croissant,152.122844865004,195.87067
2018-05-05,Kuchen,302.514155462507,341.27548
2018-05-05,Brot,127.687524931524,130.74368
2018-05-05,Konditorei,74.5568363291691,81.86313
2018-05-05,Brötchen,335.749134831014,498.31732
2018-05-06,Croissant,204.554039945282,215.93979
2018-05-06,Kuchen,203.180786094859,341.52997
2018-05-06,Konditorei,117.972407381309,116.3619
2018-05-06,Brötchen,376.939801196948,559.6356
2018-05-06,Brot,56.2258188093528,90.00086
2018-05-07,Brötchen,332.993115402227,397.19305
2018-05-07,Kuchen,191.151457196548,259.28635
2018-05-07,Konditorei,65.4915225744896,70.90735
2018-05-07,Croissant,149.514220844308,169.64175
2018-05-07,Brot,134.486983298219,139.04106
2018-05-08,Kuchen,239.071406039709,233.72733
2018-05-08,Croissant,178.326054614077,149.62126
2018-05-08,Brötchen,334.044910217472,385.9968
2018-05-08,Konditorei,101.61089470953,63.0903
2018-05-08,Brot,118.423159794704,122.77914
2018-05-09,Brot,147.863208010494,119.22241
2018-05-09,Konditorei,77.170452622622,54.680237
2018-05-09,Croissant,150.040549196134,139.52943
2018-05-09,Kuchen,257.128869229207,226.81218
2018-05-09,Brötchen,366.594614774152,375.25363
2018-05-10,Brot,65.3700130129915,129.72107
2018-05-10,Konditorei,85.5160842400277,52.23886
2018-05-10,Croissant,213.620643844729,127.32367
2018-05-10,Kuchen,301.198360686431,249.38358
2018-05-10,Brötchen,499.73501307086,393.3742
2018-05-11,Croissant,239.477710150464,150.38121
2018-05-11,Kuchen,283.014844834372,291.90128
2018-05-11,Brot,206.81195059122,134.46149
2018-05-11,Brötchen,494.269116265157,401.01675
2018-05-11,Konditorei,84.6257280971586,60.01033
2018-05-12,Croissant,287.096782778773,182.28885
2018-05-12,Brot,150.026139523841,129.67679
2018-05-12,Konditorei,94.1739600656155,67.92735
2018-05-12,Kuchen,279.270036711318,294.9748
2018-05-12,Brötchen,603.336444489448,479.69843
2018-05-13,Kuchen,292.453462601628,331.0041
2018-05-13,Brötchen,569.357169583136,568.1149
2018-05-13,Konditorei,80.0259008484754,120.74348
2018-05-13,Croissant,283.683773802826,211.97914
2018-05-13,Brot,86.0125611140966,89.6422
2018-05-14,Konditorei,53.6251718774275,76.36012
2018-05-14,Brot,98.758369396784,136.56134
2018-05-14,Brötchen,300.112315547696,398.24792
2018-05-14,Croissant,109.487563951608,163.73198
2018-05-14,Kuchen,256.374272515731,259.51666
2018-05-15,Kuchen,237.920001987091,252.82553
2018-05-15,Konditorei,57.3572122605313,67.71828
2018-05-15,Brot,98.0353644636131,126.62002
2018-05-15,Croissant,128.242788342459,143.37657
2018-05-15,Brötchen,317.256749063426,366.7611
2018-05-16,Brot,73.5620132092815,122.61263
2018-05-16,Brötchen,290.487638319958,385.59613
2018-05-16,Konditorei,37.6694699883667,52.41577
2018-05-16,Kuchen,200.828305480515,247.61702
2018-05-16,Croissant,117.19208049046,142.63101
2018-05-17,Konditorei,73.6990571896891,59.35315
2018-05-17,Croissant,143.116719553358,136.41226
2018-05-17,Kuchen,208.662279549737,256.2082
2018-05-17,Brot,129.846043854855,131.4791
2018-05-17,Brötchen,335.998442417482,363.55396
2018-05-18,Brötchen,287.728335701492,387.67834
2018-05-18,Croissant,128.828507929134,141.40726
2018-05-18,Kuchen,252.589701591671,283.16687
2018-05-18,Brot,127.204797376274,131.43477
2018-05-18,Konditorei,68.1714940213294,64.233536
2018-05-19,Kuchen,325.731571782838,295.29663
2018-05-19,Croissant,223.624171765277,170.2894
2018-05-19,Brot,169.221578127274,121.35801
2018-05-19,Konditorei,77.9819906254498,71.33432
2018-05-19,Brötchen,496.293121281773,467.67545
2018-05-20,Brötchen,612.504912138074,581.7778
2018-05-20,Brot,107.80986732414,85.37683
2018-05-20,Kuchen,330.380607140183,343.37717
2018-05-20,Croissant,305.100783157298,217.81525
2018-05-20,Konditorei,65.4187870817839,125.01904
2018-05-22,Brot,156.307236988041,120.38328
2018-05-22,Kuchen,246.919595782246,241.48657
2018-05-22,Croissant,191.073379157625,148.47903
2018-05-22,Brötchen,439.983048890548,378.22986
2018-05-22,Konditorei,70.2272839676609,69.92392
2018-05-23,Kuchen,261.987888413387,242.31606
2018-05-23,Croissant,169.755098557206,137.94821
2018-05-23,Brot,109.786783071564,117.84646
2018-05-23,Brötchen,377.171736527627,356.0079
2018-05-23,Konditorei,73.4853551775741,57.50244
2018-05-24,Brötchen,442.077053223315,371.24786
2018-05-24,Croissant,211.514459288962,142.052
2018-05-24,Konditorei,27.433725861826,62.027206
2018-05-24,Brot,108.54624822638,126.23957
2018-05-24,Kuchen,282.324748821077,242.74525
2018-05-25,Brötchen,434.548805085972,417.1824
2018-05-25,Brot,123.517143533616,133.03934
2018-05-25,Croissant,247.21864973227,154.10803
2018-05-25,Kuchen,263.537547106143,271.6034
2018-05-25,Konditorei,52.1670176955289,58.672882
2018-05-26,Croissant,311.407509119781,192.39539
2018-05-26,Brot,152.999422087259,121.36477
2018-05-26,Brötchen,576.159876838086,499.12106
2018-05-26,Kuchen,256.302811541552,303.1711
2018-05-26,Konditorei,85.097600524964,71.03926
2018-05-27,Brot,99.6705421509629,80.6481
2018-05-27,Croissant,311.204724522649,187.95587
2018-05-27,Konditorei,87.1009984834016,100.40242
2018-05-27,Brötchen,551.785889665344,533.47235
2018-05-27,Kuchen,296.455672065359,309.78372
2018-05-28,Konditorei,37.9547198477045,68.900635
2018-05-28,Brötchen,327.612062095694,397.25955
2018-05-28,Kuchen,249.516309840441,248.6987
2018-05-28,Brot,157.41929138371,139.76935
2018-05-28,Croissant,162.439462643652,165.59067
2018-05-29,Brötchen,362.197879902027,391.6788
2018-05-29,Kuchen,245.468318245709,229.6771
2018-05-29,Brot,106.471684824603,124.94388
2018-05-29,Croissant,158.651320049942,149.5445
2018-05-29,Konditorei,77.5184361046197,60.075333
2018-05-30,Brot,112.241407941627,117.38841
2018-05-30,Brötchen,311.095499034225,373.97858
2018-05-30,Croissant,160.3217968442,140.34564
2018-05-30,Konditorei,60.5240997148559,48.5972
2018-05-30,Kuchen,259.960133518037,224.34407
2018-05-31,Kuchen,270.054824412474,233.49818
2018-05-31,Konditorei,49.7546528574438,55.384445
2018-05-31,Brötchen,365.992856392316,380.0721
2018-05-31,Croissant,146.549349936418,136.13573
2018-05-31,Brot,111.26691705832,125.58586
2018-06-01,Brötchen,391.076358799694,469.52737
2018-06-01,Croissant,196.04793646865,177.64055
2018-06-01,Kuchen,299.63206566763,275.39734
2018-06-01,Konditorei,72.5548403923688,55.5661
2018-06-01,Brot,171.352211320836,134.57878
2018-06-02,Konditorei,62.9124810333617,59.272766
2018-06-02,Brot,145.082493830242,119.264595
2018-06-02,Kuchen,340.519101625788,291.20584
2018-06-02,Brötchen,521.650312193202,547.5274
2018-06-02,Croissant,258.202812224251,211.67635
2018-06-03,Brot,78.971045287569,78.25545
2018-06-03,Croissant,275.442535237438,219.13893
2018-06-03,Konditorei,70.1967187196386,88.81433
2018-06-03,Kuchen,240.282735776938,326.637
2018-06-03,Brötchen,464.730872024382,583.3416
2018-06-04,Brötchen,343.426223803643,444.58456
2018-06-04,Brot,130.480133704068,136.64403
2018-06-04,Konditorei,89.2729377064413,74.775696
2018-06-04,Croissant,143.940547738714,191.81508
2018-06-04,Kuchen,255.7161632198,272.85562
2018-06-05,Brötchen,356.788812174576,422.2463
2018-06-05,Konditorei,90.8643276697758,69.012085
2018-06-05,Croissant,104.71280919176,168.65291
2018-06-05,Kuchen,246.324696666008,268.18143
2018-06-05,Brot,149.0974286003,127.599
2018-06-06,Konditorei,41.8644272812954,63.99884
2018-06-06,Croissant,143.24052446027,170.60349
2018-06-06,Brötchen,365.261136752151,434.5322
2018-06-06,Kuchen,315.690602059227,257.9449
2018-06-06,Brot,125.51279931351,126.53038
2018-06-07,Konditorei,69.3795740364973,48.638885
2018-06-07,Brot,130.135052932173,122.47543
2018-06-07,Croissant,140.663759746983,157.56754
2018-06-07,Kuchen,266.727369278352,248.12245
2018-06-07,Brötchen,356.370930301431,437.01962
2018-06-08,Konditorei,50.7535069920758,52.024796
2018-06-08,Croissant,164.132119777067,169.9477
2018-06-08,Brötchen,325.485745267141,465.02188
2018-06-08,Kuchen,232.592176274025,266.02878
2018-06-08,Brot,133.461558814522,122.49103
2018-06-09,Brötchen,569.566954419399,541.02295
2018-06-09,Konditorei,41.8883153042351,52.259674
2018-06-09,Kuchen,327.610879192418,301.30667
2018-06-09,Brot,196.77276590343,124.39141
2018-06-09,Croissant,258.693422948001,204.21236
2018-06-10,Croissant,215.850855030174,216.71576
2018-06-10,Brot,98.5728577636623,78.29756
2018-06-10,Konditorei,107.377542844818,85.99278
2018-06-10,Kuchen,295.973083553428,324.451
2018-06-10,Brötchen,493.241333563679,580.34814
2018-06-11,Croissant,131.376484326556,188.19218
2018-06-11,Brot,167.589367834019,132.04915
2018-06-11,Kuchen,239.932103508815,284.09964
2018-06-11,Brötchen,328.008049986003,445.59464
2018-06-11,Konditorei,47.2663246679017,77.70851
2018-06-12,Konditorei,73.6639310973651,73.92264
2018-06-12,Croissant,121.491725263723,162.59145
2018-06-12,Kuchen,312.454285079194,279.8199
2018-06-12,Brot,118.251386322568,125.74888
2018-06-12,Brötchen,329.263269649306,412.43954
2018-06-13,Konditorei,43.9344371578242,72.29454
2018-06-13,Croissant,107.792959647247,165.17043
2018-06-13,Brot,139.415611673776,132.51741
2018-06-13,Kuchen,311.402992365135,292.33228
2018-06-13,Brötchen,338.919467418708,413.66122
2018-06-14,Brötchen,332.550472010635,450.41916
2018-06-14,Konditorei,48.2218243781613,58.023026
2018-06-14,Croissant,107.136270934862,174.23685
2018-06-14,Kuchen,232.553710596851,282.36304
2018-06-14,Brot,185.371307862245,141.10664
2018-06-15,Kuchen,280.704349405747,287.24997
2018-06-15,Brötchen,345.017350890347,460.5199
2018-06-15,Brot,178.358896719133,135.41963
2018-06-15,Croissant,149.625140704425,181.38336
2018-06-15,Konditorei,51.7287558724867,54.3629
2018-06-16,Kuchen,209.362082944004,299.81873
2018-06-16,Konditorei,79.9425697031279,52.68962
2018-06-16,Brötchen,536.452348266225,536.905
2018-06-16,Croissant,249.755999609154,206.33649
2018-06-16,Brot,165.240825926878,122.997375
2018-06-17,Konditorei,105.970913596347,106.7258
2018-06-17,Brot,131.774736746731,83.90281
2018-06-17,Croissant,301.987694387114,230.76146
2018-06-17,Brötchen,561.16613003467,596.25714
2018-06-17,Kuchen,351.208968634828,332.58408
2018-06-18,Croissant,183.905575463908,163.78123
2018-06-18,Brötchen,453.773846005242,423.64502
2018-06-18,Kuchen,368.908774188599,267.85187
2018-06-18,Konditorei,52.4623142900464,77.7018
2018-06-18,Brot,150.60898110442,144.32414
2018-06-19,Konditorei,47.8861290193053,66.460526
2018-06-19,Kuchen,271.817641139495,275.7699
2018-06-19,Brot,134.103229549554,120.29248
2018-06-19,Croissant,167.94911352995,176.13503
2018-06-19,Brötchen,439.387692233904,429.2549
2018-06-20,Brötchen,438.20673354481,449.67432
2018-06-20,Kuchen,329.991266466933,253.51462
2018-06-20,Brot,187.760363692391,132.15561
2018-06-20,Croissant,178.485146197655,189.55238
2018-06-20,Konditorei,68.6435116412585,52.743088
2018-06-21,Kuchen,301.074413373322,297.5037
2018-06-21,Brot,137.380800589863,138.1064
2018-06-21,Croissant,165.510528887169,160.40443
2018-06-21,Brötchen,425.408065202863,394.739
2018-06-21,Konditorei,50.3503164926632,72.67717
2018-06-22,Brötchen,443.18009337283,425.31125
2018-06-22,Croissant,205.270413262478,162.085
2018-06-22,Konditorei,62.6581464475431,63.925964
2018-06-22,Brot,173.94005241559,152.0899
2018-06-22,Kuchen,349.50958339019,306.42502
2018-06-23,Croissant,339.700511154661,198.1821
2018-06-23,Brötchen,706.424379766017,504.69373
2018-06-23,Konditorei,49.884049264678,83.12137
2018-06-23,Brot,228.688308197952,126.01089
2018-06-23,Kuchen,662.369320660577,328.0088
2018-06-24,Brötchen,579.887614059894,564.90137
2018-06-24,Brot,96.8397776549712,76.42413
2018-06-24,Croissant,312.533160106558,222.51567
2018-06-24,Kuchen,275.941582346904,327.00598
2018-06-24,Konditorei,68.6194271147451,104.62739
2018-06-25,Brot,147.963260084348,135.38063
2018-06-25,Konditorei,66.9436917796958,80.30701
2018-06-25,Brötchen,384.640828386969,430.84412
2018-06-25,Kuchen,230.864354449729,279.80005
2018-06-25,Croissant,124.50607695454,180.27512
2018-06-26,Konditorei,54.5490530559365,51.087204
2018-06-26,Brot,126.72717073825,128.62138
2018-06-26,Brötchen,353.735951524532,404.42218
2018-06-26,Croissant,187.471226496696,167.38098
2018-06-26,Kuchen,413.524339016232,247.91382
2018-06-27,Croissant,176.520124844737,163.59644
2018-06-27,Konditorei,52.5737491532418,59.18193
2018-06-27,Kuchen,237.797068733578,258.341
2018-06-27,Brot,98.3742739147763,123.004814
2018-06-27,Brötchen,381.327351816437,429.00687
2018-06-28,Kuchen,266.230348521234,256.61844
2018-06-28,Brötchen,351.533391493667,428.8762
2018-06-28,Konditorei,62.5161339241154,48.82263
2018-06-28,Croissant,172.553305766358,152.4012
2018-06-28,Brot,153.222912713889,124.34192
2018-06-29,Kuchen,301.333621469614,286.82266
2018-06-29,Croissant,181.430705919947,177.78944
2018-06-29,Brötchen,359.496198524693,480.96863
2018-06-29,Konditorei,70.8616229090274,56.716354
2018-06-29,Brot,124.38040536437,138.64238
2018-06-30,Brot,162.619063596716,119.16347
2018-06-30,Kuchen,372.572022832728,307.6529
2018-06-30,Konditorei,72.286780825535,64.92088
2018-06-30,Croissant,236.663786945788,213.31273
2018-06-30,Brötchen,535.33212121073,545.72516
2018-07-01,Kuchen,313.693570417633,366.38083
2018-07-01,Konditorei,70.8375760573994,123.553215
2018-07-01,Brot,106.398295888854,82.28026
2018-07-01,Croissant,263.897681363429,267.3709
2018-07-01,Brötchen,573.487146326335,659.5232
2018-07-02,Kuchen,299.485142926572,300.56946
2018-07-02,Brötchen,440.0105886213,494.07443
2018-07-02,Konditorei,52.4171126523355,73.28349
2018-07-02,Croissant,191.103060628223,232.50037
2018-07-02,Brot,149.330712948602,143.51912
2018-07-03,Croissant,166.357391348145,211.53807
2018-07-03,Konditorei,53.5247684644624,72.25484
2018-07-03,Brot,169.678253618551,127.92856
2018-07-03,Kuchen,375.183777236051,274.75577
2018-07-03,Brötchen,456.488427608042,481.0918
2018-07-04,Brötchen,442.803643928112,477.82608
2018-07-04,Croissant,176.796513441915,213.77142
2018-07-04,Konditorei,80.0791978861617,66.63162
2018-07-04,Kuchen,320.560420020722,301.48972
2018-07-04,Brot,109.364720126691,133.25575
2018-07-05,Croissant,218.055711841422,207.4641
2018-07-05,Kuchen,326.454338026984,317.43045
2018-07-05,Brot,116.912047862458,149.74205
2018-07-05,Brötchen,459.350487108825,482.5976
2018-07-05,Konditorei,74.4295025189987,74.2659
2018-07-06,Croissant,233.461803865928,216.68553
2018-07-06,Kuchen,341.902764855412,332.33554
2018-07-06,Brot,125.795744991444,145.68677
2018-07-06,Brötchen,434.205209218693,509.7379
2018-07-06,Konditorei,70.382242484533,74.908325
2018-07-07,Konditorei,62.1501168323456,89.700066
2018-07-07,Brot,191.54454865792,143.00226
2018-07-07,Brötchen,524.024023931459,593.6214
2018-07-07,Croissant,289.921816234279,247.81363
2018-07-07,Kuchen,356.139309359314,363.5619
2018-07-08,Kuchen,280.607920878796,343.03995
2018-07-08,Brötchen,593.024525346138,653.6938
2018-07-08,Croissant,301.517746301254,264.19348
2018-07-08,Konditorei,64.4410669363211,111.06082
2018-07-08,Brot,91.3700330488367,75.7794
2018-07-09,Croissant,260.209070681143,204.55441
2018-07-09,Brötchen,535.65807004049,486.91092
2018-07-09,Konditorei,62.8611925638227,81.90811
2018-07-09,Kuchen,341.583244542908,298.3499
2018-07-09,Brot,229.749812826633,127.829666
2018-07-10,Kuchen,314.82901140181,298.6725
2018-07-10,Croissant,231.022738407076,207.62093
2018-07-10,Konditorei,42.7230534757185,75.81793
2018-07-10,Brot,161.388287131381,125.56131
2018-07-10,Brötchen,496.190584851956,479.78415
2018-07-11,Brot,182.146767161495,139.67377
2018-07-11,Konditorei,88.3289090240568,71.82289
2018-07-11,Brötchen,505.244315555348,487.8188
2018-07-11,Kuchen,372.322714037489,309.87518
2018-07-11,Croissant,223.184006745399,218.56305
2018-07-12,Brötchen,528.582312248941,513.1037
2018-07-12,Brot,207.879339995873,144.62875
2018-07-12,Konditorei,118.081149876388,56.500732
2018-07-12,Kuchen,284.685669931316,278.36313
2018-07-12,Croissant,225.776865057334,220.54941
2018-07-13,Konditorei,69.4569519950266,62.09352
2018-07-13,Brot,212.722414977186,140.66022
2018-07-13,Croissant,288.029917196184,217.90948
2018-07-13,Kuchen,279.348150312173,300.21555
2018-07-13,Brötchen,553.47201422411,529.73193
2018-07-14,Konditorei,109.527829403884,74.21274
2018-07-14,Kuchen,274.125088686032,344.4137
2018-07-14,Brötchen,630.686820328078,567.8688
2018-07-14,Brot,212.000188627887,141.39348
2018-07-14,Croissant,361.883970744595,246.1754
2018-07-15,Kuchen,202.681914741377,329.29758
2018-07-15,Brötchen,663.320488243827,648.6456
2018-07-15,Brot,119.132803761786,79.477585
2018-07-15,Croissant,383.539764713205,274.56482
2018-07-15,Konditorei,103.222808871659,97.85427
2018-07-16,Kuchen,251.142432205376,286.68185
2018-07-16,Brötchen,577.869076971806,480.35132
2018-07-16,Brot,208.643527692918,140.45035
2018-07-16,Croissant,279.080033941839,240.56241
2018-07-16,Konditorei,65.5010025493488,71.02188
2018-07-17,Kuchen,307.595292672601,258.19244
2018-07-17,Croissant,322.440260775893,226.1547
2018-07-17,Konditorei,77.5317706977608,66.95273
2018-07-17,Brötchen,608.053426695861,490.42615
2018-07-17,Brot,197.264834738044,124.54212
2018-07-18,Konditorei,90.6551065634781,59.61171
2018-07-18,Croissant,307.917253388314,235.29721
2018-07-18,Brötchen,619.546252444028,508.63788
2018-07-18,Kuchen,347.857481802793,285.66962
2018-07-18,Brot,137.708586986464,142.36253
2018-07-19,Konditorei,94.2314254667837,59.627487
2018-07-19,Brot,200.859004330066,152.9453
2018-07-19,Kuchen,345.908520540692,294.81027
2018-07-19,Croissant,334.668701817439,219.00076
2018-07-19,Brötchen,619.309005906989,505.58536
2018-07-20,Brot,152.255425827064,141.83128
2018-07-20,Brötchen,606.795258489311,516.85803
2018-07-20,Croissant,305.416244754035,216.28398
2018-07-20,Kuchen,214.679932896498,293.12015
2018-07-20,Konditorei,95.9236728001448,61.21898
2018-07-21,Brötchen,751.688618797138,606.8051
2018-07-21,Croissant,393.212012402375,249.78522
2018-07-21,Brot,184.333715320185,120.81735
2018-07-21,Kuchen,240.699232662494,309.82965
2018-07-21,Konditorei,91.5962742377594,65.372375
2018-07-22,Kuchen,259.770398937938,353.71927
2018-07-22,Brot,130.857888069408,85.3467
2018-07-22,Croissant,429.920288482338,276.67712
2018-07-22,Konditorei,82.3718063303726,108.365364
2018-07-22,Brötchen,724.31811590469,674.7175
2018-07-23,Brötchen,577.95877861105,513.6564
2018-07-23,Kuchen,353.698258875291,275.76767
2018-07-23,Konditorei,78.4432557604295,64.01224
2018-07-23,Croissant,325.690202796677,250.38126
2018-07-23,Brot,170.806669011279,141.95013
2018-07-24,Konditorei,66.2753183828195,65.600525
2018-07-24,Kuchen,240.303089815913,251.93376
2018-07-24,Brot,157.350119671548,124.02515
2018-07-24,Croissant,302.39642639545,227.72871
2018-07-24,Brötchen,595.267964680523,487.4369
2018-07-25,Brötchen,651.748087737109,509.601
2018-07-25,Konditorei,73.4599229902164,56.902573
2018-07-25,Kuchen,230.939921303496,249.75558
2018-07-25,Brot,133.595167634802,128.77763
2018-07-25,Croissant,337.228464128544,229.45625
2018-07-26,Brötchen,628.287763132202,505.36032
2018-07-26,Croissant,339.641098219397,217.50743
2018-07-26,Kuchen,326.00606375453,257.54114
2018-07-26,Brot,202.537258911938,133.02818
2018-07-26,Konditorei,70.2365452984104,55.20685
2018-07-27,Kuchen,297.867852888248,302.35867
2018-07-27,Brötchen,677.415844284098,552.3604
2018-07-27,Croissant,333.774098644297,215.83711
2018-07-27,Konditorei,65.5637342177303,60.053146
2018-07-27,Brot,198.225522569542,140.73601
2018-07-28,Croissant,371.819769806308,258.50012
2018-07-28,Konditorei,54.04742181413,56.621857
2018-07-28,Brot,214.470393074174,128.79857
2018-07-28,Kuchen,290.024007470062,302.83316
2018-07-28,Brötchen,716.576824811507,625.3217
2018-07-29,Brot,129.801991483483,70.48877
2018-07-29,Brötchen,721.822447100687,615.0759
2018-07-29,Konditorei,128.952852247529,100.745544
2018-07-29,Kuchen,335.823557263961,308.77527
2018-07-29,Croissant,433.820696892786,261.42804
2018-07-30,Brötchen,616.358562124364,521.25085
2018-07-30,Kuchen,324.965347777888,269.2662
2018-07-30,Croissant,348.770346267057,248.10922
2018-07-30,Brot,148.541339807983,144.17221
2018-07-30,Konditorei,71.8229772291025,53.18564
2018-07-31,Kuchen,261.341312948599,262.47635
2018-07-31,Brot,123.075681762413,133.67867
2018-07-31,Croissant,285.872615508632,239.64717
2018-07-31,Brötchen,586.081665905607,534.441
2018-07-31,Konditorei,57.1027946933499,42.927597
